{
    "package_version": "1.0",
    "id": "111496dd-9bb7-4810-8815-4f35bde0b201",
    "type": "client-app",
    "name": "OnduTweetMaga",
    "description": "Description for app",
    "minimum_version": "0070300000",
    "icon_16": "extension-16.png",
    "icon_48": "extension-48.png",
    "icon_128": "extension-128.png",
    "register_url": "%serviceURL%/jive/oauth/register",
    "unregister_url": "%serviceURL%/jive/oauth/unregister",
    "redirect_url": "%serviceURL%",
    "released_on": "2017-05-17T05:54:17.340Z",
    "service_url": "https://83647209.ngrok.io"
}